air-to-air missiles successfully test-fired.jpg,925,613,missile,50,234,907,326
air-to-air missiles successfully test-fired.jpg,925,613,missile,7,180,917,342
Air-to-Air Missiles _ Military-Today.com.jpg,600,400,missile,124,195,225,234
Air-to-Air Missiles _ Military-Today.com.jpg,600,400,missile,293,133,450,169
Air-to-air Missiles_ Latest News....webp,640,480,missile,22,79,629,288
Air-to-surface missile - Wikipedia.jpg,750,492,missile,116,248,310,412
Air-to-surface missile - Wikipedia.jpg,750,492,missile,147,104,488,427
Air-to-Surface Missiles - Battling....jpg,400,267,missile,44,120,351,197
air-to-surface missiles....png,1200,630,missile,430,332,554,401
Akash-NG missile successfully launched....jpg,600,450,missile,342,164,394,230
America Will Kill Nuclear Missiles....jpg,320,296,missile,147,11,228,289
Amid China border conflict_ IAF....jpg,600,450,missile,449,199,538,251
Arms Control Negotiations With Russia....jpg,320,266,missile,156,14,175,65
Army successfully launches BrahMos....jpg,1200,667,missile,548,120,605,144
B-1 Bomber Flaunts Its Cruise Missile....jpg,1200,675,missile,772,352,903,369
Ballistic and Cruise Missile Threat....jpg,533,389,missile,93,14,477,317
Ballistic Missile Defence System....jpg,509,900,missile,201,58,241,252
Ballistic Missile Launch Locations....jpg,1000,541,missile,530,43,576,381
Ballistic Missile Launch Locations....jpg,1000,541,missile,518,51,552,245
ballistic missile _ Definition & Facts....jpg,304,450,missile,118,56,195,346
BrahMos supersonic cruise missile....jpg,1200,676,missile,587,2,664,480
Brahmos_ Akash and Nirbhay_ India rolls....jpg,630,354,missile,431,226,525,255
Brahmos_ Akash and Nirbhay_ India rolls....jpg,630,354,missile,184,189,381,260
BrahMos_ Prithvi_ Dhanush_ Agni....webp,1200,800,missile,204,14,1094,444
BrahMos_ Prithvi_ Dhanush_ Agni....webp,1200,800,missile,244,243,1191,609
BrahMos_ Prithvi_ Dhanush_ Agni....webp,1200,800,missile,55,185,457,463
BrahMos_ Prithvi_ Dhanush_ Agni....webp,1200,800,missile,1,381,374,564
Busy March 2020 Missile Launches....jpeg,600,402,missile,269,7,348,190
Busy March 2020 Missile Launches....jpeg,600,402,missile,182,189,254,338
CAMM (missile family) - Wikipedia.jpg,421,237,missile,70,111,245,208
Can We Stop a Nuke_ _ Military Aviation....jpg,1100,733,missile,765,98,832,189
Canada Requests Raytheon-made Air-to....jpg,631,376,missile,1,12,616,359
China tests next gen submarine-launched....jpg,1280,720,missile,569,50,622,225
China_s JL-3 Submarine-Launched Missile....jpg,1136,852,missile,225,108,298,198
Classification Of Missiles - List Of....jpg,640,480,missile,16,282,36,418
Classification Of Missiles - List Of....jpg,640,480,missile,42,292,120,416
Classification Of Missiles - List Of....jpg,640,480,missile,115,200,177,406
Classification Of Missiles - List Of....jpg,640,480,missile,175,121,242,419
Classification Of Missiles - List Of....jpg,640,480,missile,253,69,340,428
Classification Of Missiles - List Of....jpg,640,480,missile,349,110,380,416
Classification Of Missiles - List Of....jpg,640,480,missile,389,162,461,431
Classification Of Missiles - List Of....jpg,640,480,missile,470,166,544,405
Classification Of Missiles - List Of....jpg,640,480,missile,551,198,580,415
Classification Of Missiles - List Of....jpg,640,480,missile,608,231,638,404
Cold-War-era missile launches three....jpg,1400,933,missile,647,138,707,383
Cruise Missile and Ballistic Missile....png,596,525,missile,125,69,568,201
Cruise Missile and Ballistic Missile....png,596,525,missile,135,328,488,445
Cyberattacks on Missile Systems....jpg,1200,630,missile,223,425,253,498
Cyberattacks on Missile Systems....jpg,1200,630,missile,356,415,383,513
Cyberattacks on Missile Systems....jpg,1200,630,missile,422,410,453,521
Cyberattacks on Missile Systems....jpg,1200,630,missile,660,285,764,577
D5 Missile Is The Most Important Weapon....jpg,700,546,missile,325,41,442,217
Difference Between Ballistic Missiles....jpg,1600,900,missile,469,88,732,456
different types of missiles....webp,602,482,missile,1,21,588,421
DPRK missile launches_ sources....jpeg,1199,790,missile,514,136,755,378
DRDO conducts maiden trial of Python-5....jpg,715,402,missile,159,6,391,235
DRDO successfully test-fires Agni-Prime....jpg,750,422,missile,428,8,469,246
DRDO successfully test-fires Quick....jpg,1200,667,missile,388,93,543,278
effective air-to-air missiles.jpg,220,160,missile,3,72,212,153
Evading the Guided Missile.jpg,768,501,missile,57,248,121,296
Evolution of the Air-To-Air Missiles....jpg,600,904,missile,157,347,206,512
Evolution of the Air-To-Air Missiles....jpg,600,904,missile,363,474,409,641
Evolution of the Air-To-Air Missiles....jpg,600,904,missile,458,509,528,674
Evolution of the Air-To-Air Missiles....jpg,600,904,missile,314,223,380,375
Evolution of the Air-To-Air Missiles....jpg,600,904,missile,401,274,454,415
Explained_ The BrahMos missile_ and....jpg,1200,667,missile,224,99,1067,323
Explained_ The BrahMos missile_ and....jpg,1200,667,missile,91,299,1173,491
Explained_ The BrahMos missile_ and....jpg,1200,667,missile,30,283,518,459
Free & Royalty-Free Stock Photos from... (1).jpg,1600,670,missile,48,145,1543,480
Free & Royalty-Free Stock Photos from....jpg,800,533,missile,183,41,651,426
German Company Transforms AIM-9L into....png,692,360,missile,17,9,662,349
griffin missile air launch....jpg,910,1024,missile,100,40,374,98
griffin missile air launch....jpg,910,1024,missile,99,119,398,160
griffin missile air launch....jpg,910,1024,missile,99,167,407,223
griffin missile air launch....jpg,910,1024,missile,70,229,410,283
griffin missile air launch....jpg,910,1024,missile,81,298,399,347
griffin missile air launch....jpg,910,1024,missile,56,362,428,410
griffin missile air launch....jpg,910,1024,missile,53,420,407,481
griffin missile air launch....jpg,910,1024,missile,52,482,430,557
griffin missile air launch....jpg,910,1024,missile,36,568,468,643
griffin missile air launch....jpg,910,1024,missile,40,654,395,728
griffin missile air launch....jpg,910,1024,missile,90,746,415,798
griffin missile air launch....jpg,910,1024,missile,86,811,388,867
griffin missile air launch....jpg,910,1024,missile,54,884,412,928
griffin missile air launch....jpg,910,1024,missile,144,949,346,972
griffin missile air launch....jpg,910,1024,missile,544,43,819,101
griffin missile air launch....jpg,910,1024,missile,492,127,853,197
griffin missile air launch....jpg,910,1024,missile,481,207,877,289
griffin missile air launch....jpg,910,1024,missile,501,301,863,376
griffin missile air launch....jpg,910,1024,missile,428,408,599,430
griffin missile air launch....jpg,910,1024,missile,455,487,576,517
griffin missile air launch....jpg,910,1024,missile,629,444,852,479
griffin missile air launch....jpg,910,1024,missile,705,395,759,411
griffin missile air launch....jpg,910,1024,missile,607,510,843,567
griffin missile air launch....jpg,910,1024,missile,507,584,852,663
griffin missile air launch....jpg,910,1024,missile,470,686,875,777
griffin missile air launch....jpg,910,1024,missile,456,792,873,878
griffin missile air launch....jpg,910,1024,missile,460,915,867,971
hidden nuclear missiles....jpg,876,545,missile,460,915,867,971
hidden nuclear missiles....jpg,876,545,missile,225,219,386,445
hidden nuclear missiles....jpg,876,545,missile,240,20,737,401
HOS]HAIM-1A __RaKka__ Air-to-air Missile.jpg,1280,720,missile,279,233,1027,521
Houthi Rebels Unveil Host of Weaponry....png,638,318,missile,38,107,66,257
Houthi Rebels Unveil Host of Weaponry....png,638,318,missile,85,101,111,254
Houthi Rebels Unveil Host of Weaponry....png,638,318,missile,135,88,163,260
Houthi Rebels Unveil Host of Weaponry....png,638,318,missile,185,86,231,255
Houthi Rebels Unveil Host of Weaponry....png,638,318,missile,265,54,302,266
Houthi Rebels Unveil Host of Weaponry....png,638,318,missile,332,53,392,256
Houthi Rebels Unveil Host of Weaponry....png,638,318,missile,410,28,460,257
Houthi Rebels Unveil Host of Weaponry....png,638,318,missile,482,14,521,255
Houthi Rebels Unveil Host of Weaponry....png,638,318,missile,545,11,590,263
How a surface-to-air missile works.webp,621,414,missile,122,204,213,244
How Did Gadhafi Keep His Scud Missiles....jpeg,1150,1161,missile,538,86,632,857
Hypersonic Air to Air Missile Technologies.jpg,1023,575,missile,1,213,1016,566
I-Derby ER electromagnetic air....jpg,590,394,missile,29,66,408,205
IAF successfully testfires 10 Akash....webp,770,433,missile,164,73,244,125
IAF to get HAMMER missiles_ features....webp,700,400,missile,506,101,660,368
IAF to get HAMMER missiles_ features....webp,700,400,missile,207,152,498,400
IAF to get HAMMER missiles_ features....webp,700,400,missile,121,157,394,346
IAF to get HAMMER missiles_ features....webp,700,400,missile,77,141,287,291
India Begins User Trials of Russian Air....jpg,1000,541,missile,136,197,966,413
India Successfully Test-fires Quick....webp,510,340,missile,289,34,328,97
India Test Fires 2 BrahMos Supersonic....jpg,300,240,missile,133,15,153,106
India test fires Quick Reaction Surface....png,1080,660,missile,53,5,303,224
Indian Air Force....jpeg,1200,900,missile,463,437,710,574
Indian Air Force....jpeg,1200,900,missile,1022,590,1200,681
Indian Air Force_s Long Range Air....png,1324,718,missile,29,253,1128,635
India_ Israel test medium-range surface....jpg,1200,900,missile,659,8,744,455
Iran_s air defense missiles must be....jpg,2000,1333,missile,313,898,795,1092
Iran_s air defense missiles must be....jpg,2000,1333,missile,1162,860,1583,1031
METEOR _ Air Dominance _ MBDA.jpg,640,360,missile,98,199,334,296
METEOR _ Air Dominance _ MBDA.jpg,640,360,missile,175,213,410,354
MICA Air-to-Air Missile System....jpg,800,500,missile,20,213,794,345
Patriot deployment to Iraq is helpful....webp,1200,760,missile,466,70,716,272
Patriot deployment to Iraq is helpful....webp,1200,760,missile,83,451,198,548
Peregrine Air-to-Air Missile _ Raytheon....jpg,1600,780,missile,710,332,1530,457
Project Director Said No Comment On....jpeg,1000,541,missile,277,277,530,373
Quick Reaction Surface-to-Air Missiles....jpg,715,524,missile,234,119,328,253
Rafales to get French _HAMMER_ missiles....jpg,760,443,missile,403,366,559,426
Raytheon unveils new air-to-air missile....webp,1200,675,missile,22,67,151,170
Raytheon unveils new air-to-air missile....webp,1200,675,missile,286,304,575,527
Raytheon unveils new air-to-air missile....webp,1200,675,missile,506,337,715,485
Raytheon unveils new air-to-air missile....webp,1200,675,missile,515,248,705,394
Rocket and missile system _ weapons....jpg,1600,1065,missile,639,98,1005,280
Rocket and missile system _ weapons....jpg,1600,1065,missile,633,235,1025,368
Rocket and missile system _ weapons....jpg,1600,1065,missile,678,611,1086,758
Rocket and missile system _ weapons....jpg,1600,1065,missile,916,729,1245,880
Rocket and missile system _ weapons....jpg,1600,1065,missile,858,736,1231,850
Rocket and missile system _ weapons....jpg,1600,1065,missile,659,307,1068,472
Russia upgrades renowned air-to-air....jpg,1200,800,missile,19,10,1174,313
Russia upgrades renowned air-to-air....jpg,1200,800,missile,59,390,1157,738
Russian Air Fighter Editorial Image....jpg,1300,957,missile,354,402,1300,762
Russian Air Fighter Editorial Image....jpg,1300,957,missile,185,411,1290,579
Russian Air Fighter Editorial Image....jpg,1300,957,missile,16,339,843,526
Russian Company Plans New Generation Of....jpg,595,335,missile,33,217,518,328
Russian Company Plans New Generation Of....jpg,595,335,missile,124,157,549,231
Russian Company Plans New Generation Of....jpg,595,335,missile,169,118,537,183
Russian Company Plans New Generation Of....jpg,595,335,missile,207,93,505,139
Russian Company Plans New Generation Of....jpg,595,335,missile,145,47,480,91
Russian Company Plans New Generation Of....jpg,595,335,missile,226,32,386,49
Russian Company Plans New Generation Of....jpg,595,335,missile,219,7,391,41
Russian missiles class _air-air....jpg,600,380,missile,45,51,399,176
Russian missiles class _air-air....jpg,600,380,missile,117,188,497,337
Saudi air defences intercept missiles....jpg,759,422,missile,478,211,598,240
Sell Air-to-Ground Missiles to Taiwan....webp,3258,2172,missile,1724,1781,1885,2061
Sell Air-to-Ground Missiles to Taiwan....webp,3258,2172,missile,1547,1752,1631,2102
Sell Air-to-Ground Missiles to Taiwan....webp,3258,2172,missile,1131,1736,1529,2054
Sell Air-to-Ground Missiles to Taiwan....webp,3258,2172,missile,999,1763,1333,2031
Sell Air-to-Ground Missiles to Taiwan....webp,3258,2172,missile,676,1715,1117,2054
Sell Air-to-Ground Missiles to Taiwan....webp,3258,2172,missile,429,1761,963,2018
Sell Air-to-Ground Missiles to Taiwan....webp,3258,2172,missile,190,1747,735,2009
Sell Air-to-Ground Missiles to Taiwan....webp,3258,2172,missile,1,1736,788,1986
Sell Air-to-Ground Missiles to Taiwan....webp,3258,2172,missile,1,1704,322,1925
Sell Air-to-Ground Missiles to Taiwan....webp,3258,2172,missile,1949,1775,2058,2070
Sell Air-to-Ground Missiles to Taiwan....webp,3258,2172,missile,2113,1765,2354,2070
Sell Air-to-Ground Missiles to Taiwan....webp,3258,2172,missile,2285,1756,2645,2061
Sell Air-to-Ground Missiles to Taiwan....webp,3258,2172,missile,2406,1761,2935,2045
Sell Air-to-Ground Missiles to Taiwan....webp,3258,2172,missile,2570,1713,3135,1972
Sell Air-to-Ground Missiles to Taiwan....webp,3258,2172,missile,2856,1711,3258,1931
Sell Air-to-Ground Missiles to Taiwan....webp,3258,2172,missile,1076,1611,1324,1770
Sell Air-to-Ground Missiles to Taiwan....webp,3258,2172,missile,1242,1600,1588,1768
Sell Air-to-Ground Missiles to Taiwan....webp,3258,2172,missile,1610,1586,1774,1759
Sell Air-to-Ground Missiles to Taiwan....webp,3258,2172,missile,1799,1606,1938,1763
Sell Air-to-Ground Missiles to Taiwan....webp,3258,2172,missile,1979,1570,2140,1802
Sell Air-to-Ground Missiles to Taiwan....webp,3258,2172,missile,2192,1547,2233,1775
Sell Air-to-Ground Missiles to Taiwan....webp,3258,2172,missile,2251,1577,2349,1754
Sell Air-to-Ground Missiles to Taiwan....webp,3258,2172,missile,2370,1577,2674,1729
Sell Air-to-Ground Missiles to Taiwan....webp,3258,2172,missile,2567,1556,2854,1718
Sell Air-to-Ground Missiles to Taiwan....webp,3258,2172,missile,2881,1559,3165,1695
Sell Air-to-Ground Missiles to Taiwan....webp,3258,2172,missile,3008,1454,3242,1593
Short-Range Air-To-Air Missile Since....jpg,4802,2701,missile,1481,2347,1981,2634
Short-Range Air-To-Air Missile Since....jpg,4802,2701,missile,1478,1825,2378,2337
Short-Range Air-To-Air Missile Since....jpg,4802,2701,missile,1565,2208,2174,2576
Short-Range Air-To-Air Missile Since....jpg,4802,2701,missile,1658,1712,2510,2163
Short-Range Air-To-Air Missile Since....jpg,4802,2701,missile,2671,650,3503,1237
Short-Range Air-To-Air Missile Since....jpg,4802,2701,missile,2981,528,3762,1089
Short-Range Air-To-Air Missile Since....jpg,4802,2701,missile,3468,508,4055,918
Short-Range Air-To-Air Missile Since....jpg,4802,2701,missile,3623,270,4155,676
Surface to Air Missile High Res Stock....jpg,391,280,missile,70,14,388,165
Surface to Air Missile High Res Stock....jpg,391,280,missile,214,105,387,236
Surface-to-air missile _ military....jpg,1600,1280,missile,703,97,1097,561
Syrian air defenses intercept 70_ of US....jpg,740,476,missile,256,50,318,152
Taiwan deploys missiles after Chinese....jpg,1200,630,missile,597,325,1094,598
Taiwan Wants Stealth Cruise Missiles.jpg,1088,612,missile,398,34,613,60
Taiwan Wants Stealth Cruise Missiles.jpg,1088,612,missile,425,83,596,105
Taiwan Wants Stealth Cruise Missiles.jpg,1088,612,missile,383,142,623,186
Taiwan Wants Stealth Cruise Missiles.jpg,1088,612,missile,320,214,595,262
Taiwan Wants Stealth Cruise Missiles.jpg,1088,612,missile,280,376,452,390
Taiwan Wants Stealth Cruise Missiles.jpg,1088,612,missile,339,410,655,464
Taiwan Wants Stealth Cruise Missiles.jpg,1088,612,missile,464,488,740,538
Taiwan Wants Stealth Cruise Missiles.jpg,1088,612,missile,523,558,777,595
Tejas Aircraft Adds 5th-Generation....webp,650,400,missile,415,179,501,193
The world_s top air-to-surface missiles (1).jpg,450,340,missile,16,62,450,276
The world_s top air-to-surface missiles (2).jpg,450,340,missile,1,116,450,225
The world_s top air-to-surface missiles (2).jpg,450,340,missile,1,118,450,227
The world_s top air-to-surface missiles (3).jpg,450,340,missile,1,87,441,301
The world_s top air-to-surface missiles.jpg,800,600,missile,382,367,567,424
Top 10 Air-to-Air Missiles Today (AAMs....jpg,1280,720,missile,348,27,1003,134
Top 10 Air-to-Air Missiles Today (AAMs....jpg,1280,720,missile,327,152,986,309
Top 10 Air-to-Air Missiles Today (AAMs....jpg,1280,720,missile,314,301,998,423
Top 10 Air-to-Air Missiles Today (AAMs....jpg,1280,720,missile,345,444,980,578
Top 10 Air-to-Air Missiles Today (AAMs....jpg,1280,720,missile,370,611,981,695
Top 10 Air-To-Surface Missiles Today....jpg,1280,720,missile,341,89,897,194
Top 10 Air-To-Surface Missiles Today....jpg,1280,720,missile,334,202,765,327
Top 10 Air-To-Surface Missiles Today....jpg,1280,720,missile,321,364,852,491
Top 10 Air-To-Surface Missiles Today....jpg,1280,720,missile,370,526,747,628
Top 10 Air-To-Surface Missiles Today....jpg,1280,720,missile,329,664,754,720
Top 10 Best Air To Surface Missiles In....jpg,1024,589,missile,28,89,987,490
Top 10 Fastest Air to Surface Missiles....jpg,1280,720,missile,351,28,680,89
Top 10 Fastest Air to Surface Missiles....jpg,1280,720,missile,327,150,972,264
Top 10 Fastest Air to Surface Missiles....jpg,1280,720,missile,291,268,617,374
Top 10 Fastest Air to Surface Missiles....jpg,1280,720,missile,265,405,625,512
Top 10 Fastest Air to Surface Missiles....jpg,1280,720,missile,203,547,605,658
Turkey_s air-to-air missile Bozdoğan....jpg,2932,2152,missile,891,480,1388,592
Turkey_s air-to-air missile Bozdoğan....jpg,2932,2152,missile,886,624,1400,699
Turkey_s air-to-air missile Bozdoğan....jpg,2932,2152,missile,757,1471,1268,1544
Turkey_s air-to-air missile Bozdoğan....jpg,2932,2152,missile,659,1530,1302,1665
Ukraine Tests Extended Range Surface to....jpg,813,472,missile,281,151,425,264
What is the most powerful air-to-ground....jpg,602,372,missile,195,169,355,230
Wiser after Balakot_ India orders....jpg,696,464,missile,120,39,673,344
